{"amp": 0.00014657355026129697, "alpha": -0.07252746983733105}
