{"amp": 0.0002682432548608258, "alpha": -0.17150950098170148}
