{"amp": 0.00016458548607162967, "alpha": -0.08924068509300355}
