{"amp": 0.0009199355249997209, "alpha": -0.26702756640088765}
