{"amp": 0.0006617259732230493, "alpha": -0.36721951345553405}
