{"amp": 0.00016027100788238268, "alpha": -0.08924068551706488}
