{"amp": 0.0006096342145758988, "alpha": -0.30187822503688505}
