{"amp": 0.000395376359745456, "alpha": -0.25499986705040856}
