{"amp": 0.0005015557351755922, "alpha": -0.289596918459082}
