{"amp": 0.0014545229946157654, "alpha": -0.5660519413107373}
