{"amp": 0.0022667444641734187, "alpha": -0.7329455216800866}
