{"amp": 0.0009680954123045289, "alpha": -0.6479434369803485}
