{"amp": 0.0011742221285749555, "alpha": -0.6588793976685547}
