{"amp": 0.0011440877812622775, "alpha": -0.44499178013651897}
