{"amp": 0.0008813342288611674, "alpha": -0.5258451066323159}
