{"amp": 0.00011059984812070353, "alpha": -0.17896888889001078}
