{"amp": 0.0028589417407188567, "alpha": -0.6984804804907037}
