{"amp": 0.0006320939727564865, "alpha": -0.7033847809660061}
